question_no	question_text	bot_response	bot_response_time	bot_response_attempts	mark_scheme	bot_score	bot_score_breakdown	max_points_available	bot_mark_scheme_assessments
Q1	I left a position a couple of months ago after a disagreement with the other director on the direction of the company. I signed a stock transfer form a month ago to return the 5% I had in the business and assumed it was dealt with after I was told it would be filed and I would be removed. Today, the other director dropped the keys for the offices rented by the business and a note saying I was never taken off of the business and to sell all of the assets, close down the business and pay off the debts (along with sending the other director some money). It came a bit out of left field and I'm fairly new to business but I assumed when I signed that form it removed all of my permissions from doing anything with company assets or filings? Any advice would help as I currently don't know what to do other than send the keys back recorded delivery so I cannot be accused of theft or anything.	Navigating this situation requires a careful approach, as there are legal and financial implications involved. Here are some steps you should consider taking: 1. **Review the Documents**: Look over any agreements, contracts, or documents related to your shareholding and directorship. Pay particular attention to the stock transfer form you signed and any correspondence about it. This will help you understand your current legal position and obligations. 2. **Check Company Records**: Verify with the relevant business registry (such as Companies House in the UK or the Secretary of State in the U.S.) whether your resignation as a director and the transfer of shares were formally recorded. This may require accessing official records or documents to confirm your status. 3. **Seek Legal Advice**: Engage a lawyer or legal advisor who specializes in corporate law to interpret your position and provide tailored advice. They can help clarify your obligations and potential liabilities. 4. **Communicate with the Other Director**: Gain clarity on their intentions and expectations by discussing the situation. Keep the communication professional and document all correspondence to maintain a paper trail. 5. **Consider Your Liability**: Depending on your official status as a director or shareholder, you may have certain liabilities for the company’s debts or operations, which need to be addressed. 6. **Asset and Debt Management**: If you are still a director, actively assess the company’s assets and debts. Collaborate with any financial professionals, such as accountants, to inventory and evaluate the company’s financial standing. 7. **Handling the Keys**: Sending the keys back via recorded delivery, as you mentioned, is a prudent step to avoid accusations of unauthorized access or theft. 8. **Responsibilities and Closure**: If you need to proceed with winding up the company, follow the legal process for liquidation, asset sales, and debt settlement. Your legal advisor can guide you on fulfilling these responsibilities properly. 9. **Official Resignation**: If you determine that you are still listed as a director, formally submit a resignation notification to the appropriate authority and ensure it is recorded. 10. **Financial Settlement**: Carefully handle the issue of sending money to the other director, ensuring it aligns with the legal and financial responsibilities agreed upon. Addressing this issue promptly and methodically will help mitigate potential disputes or legal complications.	5.464337587356567	1	"[[""Does the lawyer mention the key features of a director?"", ""Does the lawyer refer to sections 154-155 CA 2006?"", ""Does the lawyer identify the criteria for being a director under the law?"", ""Does the lawyer refer to sections 250-251 CA 2006?"", ""Does the lawyer refer to the circumstances in which a director can be removed from their position?"", ""Does the lawyer refer to s.168 CA 2006?"", ""Does the lawyer refer to any relevant case law when advice is provided?"", ""Does the lawyer ask which form was signed? Does the lawyer say that you need to fill out Companies House Form TM01 to terminate an appointment of a director?"", ""Does the lawyer refer to relevant case law?"", ""Does the lawyer provide the correct advice?""], [3, 2, 3, 2, 2, 3, 3, 1, 3, 3]]"	3	[0, 0, 0, 0, 0, 0, 0, 0, 0, 3]	25	No|No|No|No|No|No|No|No|No|Yes|
Q2	Hi, I hope someone can help advise as Citizens advice are a 14 day turn around and I feel so angry and stressed. My partner was working for a subcontractor I will refer to as X and he subcontracts from Y who then subcontracts from a massive house builder in the UK. X had been booking in work with Y and the work hadn't been done so when Y found out they said he wouldn't be getting anymore more money to pay his 13 guys wages. So now my partner hasn't been paid £1800 after tax becuase of this. Apparently X doesn't have the money and he owes Y over £30k. My partner has tried to contact X and be reasonable about it but he started off saying my partner was at the top of his priority list and he would be paid the money, it is now 3 weeks later and X is ignoring calls and texts. Never in our lives have we struggled like this, we are a large family my partner and I have 8 children together and have now had to use a food bank for the last 2 weeks which we have never had to do as we have been pay check to pay check since covid as we didn't take any of the gouverment grants and this has massively set us back. Please can someone help, what can we do, can I persue X, Y and the massive UK house builder? Should I call. The massive UK house builder and speak to them and let them know the kind of guy that has been subcontracted? Would they even care? We can't let this just be accepted as a loss of £1800 as its put us in debt and it has really affected our family massively. Many Thanks in advance for anyone who takes the time to read and respond.	"I'm really sorry to hear about the difficult situation you and your family are going through. It sounds incredibly stressful, and I can understand why you'd want to explore all your options. Here’s a general outline of steps you might consider taking to pursue the money owed: 1. **Understand the Contractual Relationship**: First, clarify the contractual relationship your partner has. Determine if there was a direct contract with X, as this will affect how you pursue legal action. Unfortunately, pursuing Y or the massive house builder might be difficult unless there’s a direct contractual relationship. 2. **Document Everything**: Accumulate all evidence of work completed by your partner, such as timesheets, emails, text messages with X regarding the payment, or any formal contract or agreement that exists. 3. **Formal Demand for Payment**: Send a formal demand for payment to X. This is often called a ""letter before action,"" and it should outline the amount owed, the work completed, and a deadline for payment. Include a warning that you may take further legal action if payment is not made. 4. **Small Claims Court**: If there's no response to your demand, you may need to consider taking legal action through the small claims court. In the UK, you can use the Money Claim Online service for claims of up to £10,000. This process can be done without a solicitor, which might help manage costs, but consider seeking legal advice to prepare your claim. 5. **Seek Advice from Organizations**: Organizations like ACAS (Advisory, Conciliation and Arbitration Service) or Trade Unions might offer assistance, particularly if your partner was classified as a worker rather than a self-employed contractor. 6. **Engage with Creditors**: While dealing with this issue, contact any creditors to whom you owe money and explain the situation. They may be able to offer some leniency until the situation resolves. 7. **Contact Larger Firm (Optional)**: As a last resort, contacting the larger house builder or Y might not be very fruitful in resolving your direct financial issue, but they may be interested in knowing about potential issues with their subcontractor, especially if it's part of a broader pattern of behavior. 8. **Local Support Services**: Continue to access local support services, like Citizens Advice or other community services. They might provide access to emergency financial help or assistance with managing debt. I wish you the best in resolving this. It's hard not to feel overwhelmed in such situations, but staying organized and persistent can make a difference."	4.929601907730103	1	"[[""Does the lawyer ask if all companies involved are limited liability companies?"", ""Does the lawyer ask which kind of contract the petitioner had with X?"", ""Does the lawyer outline the requirements for lifting the corporate veil?"", ""Does the lawyer outline what the options are if X enters into a formal insolvency procedure (particularly administration and liquidation)?"", ""Does the lawyer mention that employee wages have a preferential treatment in insolvency?"", ""Does the lawyer refer to ss.166-184 ERA 1996 and Schedule 6 IA 1986?"", ""Does the lawyer mention that occupational or personal pension schemes are protected under the law, and that the employee can claim unpaid contributions to the Secretary of State?"", ""Does the lawyer refer to ss.124-126 Pension Schemes Act 1993?"", ""Does the lawyer refer to relevant case law?"", ""Does the lawyer provide the correct advice?""], [2, 2, 2, 3, 3, 2, 3, 2, 3, 3]]"	5	[0, 2, 0, 0, 0, 0, 0, 0, 0, 3]	25	No|Yes|No|No|No|No|No|No|No|Yes|
Q3	Good Evening, I am in an extremely difficult situation and I'm looking for a specialist lawyer who can help me with the following: Company A is a trading company that has been in business since 2008 and has been liquidated in 2023. Company B is a property company that has been in business since 2020. We are currently in liquidation with Company A, and one of the creditors is a bank due to an RLS loan. This loan is a cross-guarantee, which means that in case of liquidation, the property company is liable to pay this amount. Background: Company A gave an intercompany loan to Company B to facilitate the purchase of an industrial unit. As Company A is in liquidation, the insolvency practitioner will be asking for the loan amount to be repaid. This means that not only is Company B liable to pay the RLS, but they will also be liable to pay the intercompany loan along with the mortgage on Company B. This puts Company B in a difficult position, and the liquidators are putting pressure on them and asking to put Company B into administration with them. This way, they can sell the industrial unit and I will lose everything I have worked for over the last 17 years. I am here to get some advice, help, and support, but I feel like I have lost it all. Is there any point in carrying on....?	I'm sorry to hear about the difficult situation you're facing. Dealing with company liquidation and the potential loss of assets is challenging, but there may be options available to you. It's essential to approach this situation strategically and with the right legal support. Here are some steps you can take: 1. **Consult a Specialist Lawyer**: Find a solicitor or attorney who specializes in insolvency and corporate law, particularly one with experience in cross-guarantees and intercompany loans. They can offer tailored advice and may identify legal defenses or strategies to mitigate your liabilities. 2. **Review the Cross-Guarantee**: A lawyer can help you review the terms of the cross-guarantee and intercompany loan agreements. They’ll assess if there are any legal grounds to challenge these, such as misrepresentation, undue influence, or if the guarantee was improperly executed. 3. **Financial Assessment**: Consider conducting a thorough financial assessment of both companies to explore all available options, such as restructuring debts, negotiating with creditors, or finding alternative financing. 4. **Negotiate with Creditors**: Sometimes, creditors may be open to negotiation, including restructuring the repayment terms or settling for a reduced amount. Your lawyer can facilitate these discussions. 5. **Explore Insolvency Alternatives**: Before moving forward with administration, explore other insolvency procedures like a Company Voluntary Arrangement (CVA) in the UK, which allows for the restructuring of debt while attempting to keep the business operational. 6. **Seek Professional Insolvency Advice**: An independent insolvency practitioner (different from the one handling the liquidation) can provide an unbiased perspective and suggest possible routes that prioritize the survival of Company B. 7. **Emotional Support**: This is undoubtedly stressful, so ensure you have emotional support from friends, family, or professional counselors to help you through this period. Remember, while the situation is serious, seeking expert advice and exploring all options can provide a clearer path forward. There is hope, and taking proactive steps can make a significant difference in the outcome.	5.035304307937622	1	"[[""Does the lawyer refer to the relevant statutes (ss. 123-124 IA 1986) to determine if a company (like Company B) is insolvent?"", ""Does the lawyer identify the different forms of liquidation, and the circumstances in which a company can be liquidated? "", ""Does the lawyer refer to s. 122 IA 1986? "", ""Does the lawyer identify the powers the courts have when hearing an insolvency petition? "", ""Does the lawyer refer to ss.125-128 IA 1986? "", ""Does the lawyer identify the duties and powers of insolvency practitioners and official receivers? "", ""Does the lawyer refer to ss. 143-146A IA 1986? "", ""Does the lawyer say that the liquidator could settle the dispute with company B and/or the possibility of exploring alternative rescue options (such as a company voluntary arrangement, a scheme of arrangement, a restructuring plan or a light-touch administration procedure (in which the debtor remains the director of their own company during administration)? "", ""Does the lawyer refer to any relevant case law? "", ""Does the lawyer provide the correct advice?""], [3, 2, 2, 3, 2, 3, 2, 2, 3, 3]]"	5	[0, 0, 0, 0, 0, 0, 0, 2, 0, 3]	25	No|No|No|No|No|No|No|Yes|No|Yes|
Q4	I know that LTD company debts, stay with the LTD company, and a personal individual cannot be chased for this. What happens when it's the other way round. A personal debt against an individual who is the sole director of multiple LTD companies? Can company assets be seized to pay a personal debt?	"In general, a limited company (LTD) is a separate legal entity from its directors and shareholders. This means that the company's assets are separate from the personal assets of its directors or shareholders. Consequently, if an individual who is a director of multiple LTD companies has personal debts, the creditors generally cannot pursue the company's assets to satisfy these personal debts. The personal liability of the individual does not extend to the company, provided that the individual has not provided personal guarantees against company assets or engaged in fraudulent or wrongful trading. However, there are certain exceptions to be aware of: 1. **Personal Guarantees:** If the individual has given personal guarantees for company loans or debts, those guarantees may affect the individual's personal assets, but not directly impact the company's assets unless a breach of the guarantee affects the company. 2. **Fraud or Misconduct:** If fraudulent activity or misconduct is involved, creditors might be able to ""pierce the corporate veil"" and hold directors personally liable. This would typically require legal action and proof of wrongdoing. 3. **Intermingling of Funds:** If the director has intermingled personal and company funds or used company assets for personal purposes, it may lead to a situation where creditors can argue that the separation between the company and the individual has been blurred. This could potentially allow creditors to claim against company assets. 4. **Bankruptcy of the Individual:** If the individual is declared bankrupt, the trustee in bankruptcy may investigate the individual's dealings, including any relationships with their companies, to determine if there are any transactions that can be challenged. For specific situations, especially those involving significant debts or complex interrelations between personal and company finances, it is advisable to consult a legal professional who can provide guidance based on the exact circumstances and applicable law."	3.202080488204956	1	"[[""Does the lawyer ask which type of bankruptcy procedure has been opened against the director (if any)?"", ""Does the lawyer outline the requirements to be appointed as a director under English law?"", ""Does the lawyer refer to ss.250-251 IA 1986?"", ""Does the lawyer outline the principle of separate legal personality?"", ""Does the lawyer outline the exceptions to the principle of separate legal personality?"", ""Does the lawyer mention that directors owe fiduciary duties to the company?"", ""Does the lawyer refer to ss.171-177 CA 2006?"", ""Does the lawyer mention that piercing the corporate veil may occur as a result of the director breaching their fiduciary duties towards the company?"", ""Does the lawyer refer to relevant case law?"", ""Does the lawyer provide the correct advice?""], [2, 2, 2, 3, 3, 2, 2, 3, 3, 3]]"	9	[0, 0, 0, 3, 3, 0, 0, 0, 0, 3]	25	No|No|No|Yes|Yes|No|No|No|No|Yes|
Q5	"I posted a thread s few weeks back about ""closing my ltd company and who to pay"" and got some really helpful advice. Today I got a phone call from a debt collection agency, on behalf of Utility Bidder ( a comparison site for business energy) who I went thru when energy prices were rising and I wanted to secure the best price. Apparently I have broken the contract by not seeing out the whole 3 yr term and they're chasing me for about 1k inc vat. I told him I had applied to companies House to dissolve the company and he told me I wouldn't be able to because I have this outstanding debt with them and I should see an insolvency practitioner. When I told him that I wasnt going to spend 2k+ to settle a 1k debt ,he suggested a payment plan. I asked for time to get some advice because obviously the company has no money with which to pay. He suggested that I should ""find the money from somewhere"". I was a very small bakery and essentially all the equipment was mine, most of it I owned before I set up, some I bought but with my own money, and I used the company money to buy mainly ingredients and small things like replacement knives/bowls. I stopped trading on 24th Dec, I gave notice on my unit and moved out on 18th Jan. I have not traded since and there is no outstanding payments due for goods i supplied. Do I just stick to my guns and let it run its course till they run out of steam?"	Navigating a situation like this can be challenging, but there are a few steps you can consider taking: 1. **Review Your Contract**: Carefully review the terms of the contract you had with Utility Bidder. Look for any clauses related to early termination or penalties. Understanding the contract's specifics will help you assess whether their claim is valid. 2. **Seek Legal Advice**: It may be beneficial to seek advice from a solicitor or an accountant who specializes in business insolvency. They can provide guidance based on the specifics of your situation and help you understand your options. 3. **Communicate with the Debt Collection Agency**: Keep communication open. If a payment plan is a possibility and you believe the debt is valid, consider negotiating a reasonable plan that you can manage. 4. **Insolvency and Company Dissolution**: If your company truly has no assets and cannot pay the debt, you may still be able to apply for voluntary dissolution, but the debt might complicate the process. Alternatively, consider formal insolvency procedures, but these can be costly. 5. **Assess Personal Liability**: Since your company was a limited company (LTD), your personal assets should generally be protected. However, ensure that there are no personal guarantees on any of the debts in question. 6. **Ignore or Contest the Claim**: If you believe the claim against you is not valid, you can contest it. Clearly document any communications and maintain detailed records as evidence if the situation escalates. 7. **Consider the Cost-Benefit**: While you mentioned the cost of hiring an insolvency practitioner, weigh this against the potential long-term consequences of the unresolved debt, including possible damage to your credit score or legal action. Ultimately, taking informed and proactive steps will help you manage the situation more effectively.	4.196292400360107	1	"[[""Does the lawyer ask how the company was dissolved?"", ""Does the lawyer ask for the forms submitted for dissolving a company?"", ""Does the lawyer identify the different forms of liquidation, and the circumstances in which a company can be liquidated? "", ""Does the lawyer refer to s. 122 IA 1986? "", ""Does the lawyer identify the powers the courts have when hearing an insolvency petition? "", ""Does the lawyer identify the duties and powers of insolvency practitioners and official receivers? "", ""Does the lawyer outline the principle of separate legal personality?"", ""Does the lawyer outline the exceptions to the principle of separate legal personality?"", ""Does the lawyer refer to relevant case law?"", ""Does the lawyer provide the correct advice?""], [3, 2, 3, 2, 2, 2, 3, 2, 3, 3]]"	6	[0, 0, 0, 0, 0, 0, 3, 0, 0, 3]	25	No|No|No|No|No|No|Yes|No|No|Yes|
Q6	A creditor committee had been formed a few months ago in a quick time, without involving any voting or consent from the creditors. We have found the creditor committee is not doing thing for the best interest of the creditors. We may take the following action. 1. To remove some existing members and to be replaced by some others. 2. To add some new members. Can we do it and how can we do it? Thanks	To address the issues with the current creditor committee, you need to carefully review the legal framework and any agreements associated with its formation. Here is a general approach you might consider: 1. **Review Governing Documents**: Look into any contracts, bylaws, or agreements that outline the formation and operation of the creditor committee. These documents may have specific provisions regarding the removal or addition of members. 2. **Understand Legal Requirements**: Determine the legal requirements in your jurisdiction for changing committee membership. This might include statutory laws or regulations governing insolvency or creditor rights. 3. **Consult Legal Counsel**: It's advisable to consult with a legal professional who specializes in insolvency or creditor rights. They can provide guidance on the legal procedures and implications of modifying the committee. 4. **Engage with Creditors**: Depending on legal advice and governing documents, organize a meeting with the creditors to discuss the issues with the current committee and propose changes. This can help in gaining support and ensuring that any action taken reflects the collective interest of the creditors. 5. **Voting or Consent**: If the governing documents require a vote or consent from the creditors for changes in the committee, facilitate this process. Ensure transparent communication and provide all necessary information to the creditors. 6. **Implementation**: Once you have the necessary approvals, formally implement the changes. This might involve notifying existing committee members of their removal/replacement and officially adding new members. 7. **Documentation**: Ensure all decisions and changes are properly documented, including minutes from meetings, votes, and any legal agreements or amendments. Taking these steps can help ensure that any changes to the creditor committee are conducted legally and in the best interest of all parties involved.	4.265373229980469	1	"[[""Does the lawyer ask what kind of formal insolvency procedure has the company been admitted to?"", ""Does the lawyer outline the duties of the members of the creditors\u2019 committee? "", ""Does the lawyer outline the procedure for removing a member of the creditors\u2019 committee? "", ""Does the lawyer say that the matter is regulated by the Insolvency Rules 2016? "", ""Does the lawyer refer to any relevant case law? "", ""Does the lawyer provide the correct advice?""], [5, 4, 3, 3, 5, 5]]"	8	[0, 0, 3, 0, 0, 5]	25	No|No|Yes|No|No|Yes|
Q7	We have a ltd company with 2 shareholders/directors. Unfortunately over the last year work has really quietened down. Also the other shareholder/director would like to leave the company for new ventures. This would leave us in a position where the business could no longer carry on. We have no debt and no overdrawn directors accounts. we didn't take any bounce back loans. All vat bills would be paid as would Cox. The only thing we wouldnt have enough money for is to terminate our telecoms contract which has 7 years left. (they are completely unreasonable and not budging) Would we require liquidators purely for this reason? Thanks.	When closing a company, especially one without significant debts, the decision to appoint a liquidator largely depends on the specific circumstances and legal obligations. Here are a few points to consider in your situation: 1. **Solvent vs. Insolvent Liquidation**: If your company is solvent, meaning it can pay off all its debts and liabilities, you may be able to pursue a Members' Voluntary Liquidation (MVL). This is a process where shareholders can wind up the company voluntarily. However, an MVL still typically involves appointing a liquidator. 2. **Contractual Liabilities**: The telecoms contract is a liability that you need to manage. If you cannot negotiate a termination or settlement with the telecom provider, this liability remains an issue. Failing to fulfill this contractual obligation can complicate liquidation, especially since it extends for seven years. 3. **Negotiation**: Before pursuing formal liquidation, it might be worth continuing to negotiate with the telecoms provider. Sometimes explaining the situation candidly or offering a negotiated lump sum payment can lead to an amicable settlement. 4. **Legal Advice**: Given this situation, it is advisable to seek legal advice. A solicitor or a professional specializing in corporate insolvency or business closures can provide advice tailored to your situation, ensuring that all legal obligations and potential consequences are understood. 5. **Creditors' Voluntary Liquidation (CVL)**: If the telecoms contract liability makes the company effectively insolvent (unable to meet its obligations as they fall due), then a Creditors' Voluntary Liquidation might be necessary. A CVL involves creditors in the liquidation process, and a liquidator is appointed to oversee the winding-up of the company. 6. **Personal Guarantees**: Check if there are any personal guarantees associated with the telecoms contract or any other obligations. If personal guarantees exist, they could impact the decision on how to proceed. 7. **Potential Consequences**: Consider any other potential consequences, such as impacts on personal credit ratings or the ability to start new business ventures, when deciding whether to appoint a liquidator. Given the complexity of the situation with the telecoms contract, consulting a professional to explore all available options before proceeding with either an MVL or a CVL would likely be beneficial.	4.301877737045288	1	"[[""Does the lawyer say the company should not usually require liquidators purely for the reason of being unable to terminate the telecoms contract?"", ""Does the lawyer say that potentially, the company may face an insolvent liquidation if the telecom company refuses to compromise or if the contract is not assigned to a third party? "", ""Does the lawyer identify the different forms of liquidation, and the circumstances in which a company can be liquidated? "", ""Does the lawyer refer to s. 122 IA 1986? "", ""Does the lawyer identify the powers the courts have when hearing an insolvency petition? "", ""Does the lawyer refer to ss.125-128 IA 1986?"", ""Does the lawyer outline in which circumstances a company can be declared insolvent? "", ""Does the lawyer refer to the relevant statutes (ss. 123-124 IA 1986) to determine if a company is insolvent?"", ""Does the lawyer refer to any relevant case law? "", ""Does the lawyer provide the correct advice?""], [2, 2, 3, 2, 3, 2, 3, 2, 3, 3]]"	11	[0, 2, 3, 0, 0, 0, 3, 0, 0, 3]	25	No|Yes|Yes|No|No|No|Yes|No|No|Yes|
Q8	We've screwed up. We informed our landlord that we would like to execute a break clause in our lease (5 year contract with a 3-year break). As per our lease agreement, we need to provide the landlord at least 3 months notice on the break. We informed them 7 days too late to conform to that requirement (i.e. we've given them 2 months and 3 weeks notice). The person this fell to was out-of-action last week, when they were supposed to do this. Landlord is holding this against us, saying that we are too late, and are liable for the final 2 years. Note, we'd discussed this with the landlord several months ago, that we were looking to get out of the lease sooner as we no longer had enough space to operate effectively. The landlord even arranged viewings for prospective tenants. But we did not formally request it until today (too late). Where do we stand on this?	In this situation, your legal position largely depends on the specifics of your lease agreement and any relevant communications or conduct by the landlord. 1. **Lease Agreement Terms**: The lease is a legally binding contract, and the terms regarding the break clause and notice period are typically strictly enforced. If your lease specifies a 3-month notice period, failing to meet this deadline technically makes the notice invalid. 2. **Landlord's Conduct**: While your landlord's conduct (e.g., arranging viewings for prospective tenants) may suggest they were amenable to you exercising the break clause, it generally does not override the written terms of the lease unless there is evidence of a formal or informal agreement to that effect. If you have written communication where the landlord acknowledges your intent to break the lease or agrees to an adjusted timeline, this could potentially support your case. 3. **Potential Negotiation**: Since the landlord was actively involved in arranging viewings, it's possible they might still be open to negotiation. Consider discussing alternative solutions, such as finding a replacement tenant yourselves or offering to cover the rent for a mutually agreeable transition period. 4. **Legal Advice**: It's advisable to consult with a property lawyer to explore your options. They can provide guidance based on your lease terms, any applicable local laws, and your specific circumstances. They might also help negotiate with the landlord or draft a formal response. 5. **Equitable Considerations**: In some jurisdictions, courts may consider the conduct of both parties and whether enforcing the exact letter of the contract would be fair. However, relying on this can be uncertain and typically requires legal proceedings. Ultimately, while missing the notice deadline places you in a precarious position, there may still be room for negotiating a practical and amicable solution with your landlord.	3.72455358505249	1		0		0	
Q9	Business has been a LTD Company since 2014 with good trading history in retail/B2B. Like many we suffered during covid after being closed and not being able to trade as normal. We restructured in some ways but still required retail store. We have recently had to close the retail store Nov 22 to reduce costs and restructure our customer base more towards B2B clients. After 3 months trading from a new non retail location we have come to the conclusion the business is no longer viable for various reasons. Business has 2 equal directors. BBL Natwest balance around £14k which has been paid consistently until Jan when we had to take a payment holiday to help with cash flow. We have an OD with bank of around 6K which has a directors guarantee, we could probably cover this with sale of assets. CH & HMRC in good order. A few outstanding invoices from the closure retail store for around 7K, asset sale won't cover. Two lease cars both with 1 year each left on lease but leased via LTD company with no directors guarantee that we can see in the paperwork. Our customer base has pretty much dried up and the customers we do have are being very careful on what they spend since cost of living issue hit the media, so although we are trading we struggle with cash flow on a daily basis. I know these amounts are not huge but we feel like we are fighting a loosing battle and want to look at options of closing the business or selling it and moving on. But have no idea where to start. This I'm sure is a very common story after recent events and I never thought I would ever be even contemplating these options but it feels like the only option. Have read a few posts and seen the SpongeBob post but don't know what to do for best. Have a meeting with accountant soon to discuss but would be great-full for any advise. TIA	It sounds like you're facing a challenging situation, and it's understandable to feel uncertain about the best course of action. Here are some steps and considerations to help guide you through this process, ahead of your meeting with your accountant: 1. **Evaluate Current Financial Position:** - Gather all financial statements, including balance sheets, profit and loss accounts, and cash flow statements. - Review your list of liabilities, including outstanding debts, lease obligations, and any guarantees. 2. **Consult with Professionals:** - Meeting with your accountant is a great first step. They can provide an accurate assessment of your financial health and offer guidance on the best paths forward. - Consider contacting an insolvency practitioner if you're leaning towards closing the business. They can help clarify the implications and processes involved in voluntary liquidation or administration. 3. **Explore Business Restructuring:** - While you mentioned restructuring efforts, consider whether further cost reductions or operational changes could provide some relief. - Look for potential sources of revenue or niche markets that could be more resilient in the current economic climate. 4. **Handling Debts and Liabilities:** - Prioritize paying off secured debts and those with personal guarantees, such as your overdraft. - Engage in open communication with creditors to negotiate payment terms or agree on a structured repayment plan. 5. **Lease Obligations:** - Review the terms of your lease agreements for any exit clauses or options for early termination. Negotiate with the leasing companies if necessary. 6. **Sale or Transfer of the Business:** - Assess whether there's any potential buyer for your business or its assets. This could be a competitor, supplier, or even an employee. - If you decide to sell, gather all necessary documentation to present your business in the best light. 7. **Closing the Business:** - If selling is not viable and closure is the best option, ensure you follow correct procedures for business dissolution: - Settle all debts to the extent possible. - Notify HMRC and dissolve the company via Companies House. - Handle staff redundancies in accordance with employment law. 8. **Personal Implications:** - Since there are directorial guarantees, assess the personal financial impact of potential insolvency, and consult with a financial advisor if needed. 9. **Emotional and Mental Well-being:** - Navigating business difficulties can be stressful. Consider seeking support from peers, mentors, or even professional counselors to help manage the emotional impact. Remember, every business situation is unique, and while general advice can be helpful, tailored advice from your accountant or a legal professional will be invaluable. Good luck, and remember that seeking support is a proactive step in navigating these challenges.	5.42840838432312	1	"[[""Does the lawyer mention the key liquidation options available to the company (i.e. members\u2019 voluntary liquidation and creditors\u2019 voluntary liquidation)?"", ""Does the lawyer mention the key restructuring options available to the company (i.e. administration and company voluntary arrangements)?"", ""Does the lawyer mention other important restructuring options (i.e. pre-packaged administration, schemes of arrangement and restructuring plans)?"", ""Does the lawyer refer to the relevant sections of the law (Insolvency Act 1986 and Companies Act 2006) to describe the liquidation and restructuring options available to the company?"", ""Does the lawyer mention that directors owe fiduciary duties to the company (ss.171-177 CA 2006)?"", ""Does the lawyer refers to the consequences associated with misfeasance (s.212 IA 1986) and wrongful trading (s.214 IA 1986)?"", ""Does the lawyer outline the directors\u2019 duties when the company is insolvent?"", ""Does the lawyer warn that some transactions made soon before insolvency could be challenged as being unlawful (ss.238-239, 244-245, 423 IA 1986)?"", ""Does the lawyer refer to relevant case law?"", ""Does the lawyer provide the correct advice?""], [3, 3, 2, 2, 2, 3, 2, 2, 3, 3]]"	3	[0, 0, 0, 0, 0, 0, 0, 0, 0, 3]	25	No|No|No|No|No|No|No|No|No|Yes|
Q10	Hi everyone, long time lurker here. Fortunately, I've never needed to read this subsection until now! Bit of a backstory: I've been running a limited co for 6 years now, I've always had a bit of a hard time getting a hold of the accountants despite paying monthly retainers but the last couple of years have been particularly bad, late filings, no call backs and so on. I've recently switched to a new practice who have reviewed my accountants in full and immediately flagged a horrific situation. The accounts were a mess. The tax liabilities were much higher than expected and it turns out, I've unknowingly taken illegal dividends to the sum of 35k. I've spoken to a local liquidator who has stressed that this needs handled and I will be forced into personal bankruptcy, no question. I have no assets, everything was sold to keep the business going post-covid. Beyond the dividends, I owe personal tax. There's about 15k worth of equipment in the business and cash in the bank or due in. The top line has done well over the years but in the current climate, it will be almost impossible for the company to earn its way out of things. I'm wondering if there's any independent advice I could get? I'm terrified that if I go bankrupt, it will ruin my future prospects and could have been avoided. Thanks	I'm sorry to hear about the difficult situation you're facing. It's understandable to feel overwhelmed, but there are steps you can take to try to address these issues. Here are some suggestions for obtaining independent advice and exploring your options: 1. **Seek Professional Advice:** - **Insolvency Practitioners:** Consider consulting a licensed insolvency practitioner. They can provide advice specific to your situation and help outline possible solutions, such as restructuring or voluntary liquidation, without immediately opting for bankruptcy. - **Accountants:** While your previous accountants may not have been reliable, your new practice seems more diligent. Work closely with them to understand the full extent of the financial situation and explore options for restructuring your liabilities. 2. **Legal Advice:** - Consult with a solicitor who specializes in business law or insolvency. They can advise you on your legal obligations and implications, particularly concerning the illegal dividends and potential for personal bankruptcy. 3. **Debt Management Services:** - Look for independent debt advisory services that provide guidance on managing personal and business debts. Organizations like the Citizens Advice Bureau or StepChange (if you're in the UK) offer free and impartial advice. 4. **Negotiate with Creditors:** - It might be worth reaching out to your creditors to negotiate terms. They may agree to a payment plan or reduced settlements since it's often in their interest to recover some payment rather than nothing at all. 5. **Consider Your Options:** - Explore alternatives to bankruptcy, such as a Company Voluntary Arrangement (CVA) or an Individual Voluntary Arrangement (IVA), which may allow you to pay off debts over time. - Discuss with an adviser whether re-financing or raising capital is a viable option, possibly through new investors or partners. 6. **Reflect on Future Business Prospects:** - Understand the implications of bankruptcy on future business operations and consider how you can prepare for a fresh start if necessary. Also, consider how you might protect personal and professional assets in the future. Facing such challenges can be daunting, but getting the right professional advice and taking proactive steps can make a significant difference in outcomes. Remember, you're not alone in this, and there are professionals who can help guide you through the process.	4.194430828094482	1	"[[""Does the lawyer mention the key liquidation options available to the company (i.e. members\u2019 voluntary liquidation and creditors\u2019 voluntary liquidation)?"", ""Does the lawyer mention the key bankruptcy options (e.g. bankruptcy, IVA, restructuring plan) available to the company director?"", ""Does the lawyer refer to the relevant sections of the law (Insolvency Act 1986 and Companies Act 2006) to describe the liquidation and restructuring options available to the company?"", ""Does the lawyer mention the potential civil liability of the previous accountants for failing to act according to a professional standard?"", ""Does the lawyer mention that directors owe fiduciary duties to the company (ss.171-177 CA 2006)? Does the lawyer outline the directors\u2019 duties when the company is insolvent?"", ""Does the lawyer outline the personal and professional consequences following a potential disqualification of the company director?"", ""Does the lawyer refers to the consequences associated with misfeasance (s.212 IA 1986), fraudulent (s.213 IA 1986) and wrongful trading (s.214 IA 1986)?"", ""Does the lawyer warn that some transactions made soon before insolvency could be challenged as being unlawful (ss.238-239, 244-245, 423 IA 1986)?"", ""Does the lawyer refer to relevant case law?"", ""Does the lawyer provide the correct advice?""], [3, 2, 2, 3, 2, 2, 3, 2, 3, 3]]"	5	[0, 2, 0, 0, 0, 0, 0, 0, 0, 3]	25	No|Yes|No|No|No|No|No|No|No|Yes|
Q11	I know TUPE applies when a business changes hands. I seem to remember reading TUPE also applies if an unrelated business takes over the premises of another business in the same sector and trades from the same location - is that correct? Example in our town. Butchers gone in to administration, staff left in limbo, talk that a new butcher will be opening in the same premises soon. Would TUPE apply in those circumstances?	"TUPE, which stands for the Transfer of Undertakings (Protection of Employment) Regulations, is designed to protect employees' rights when a business or part of a business is transferred to a new employer. For TUPE to apply, there must be a transfer of an ""economic entity"" that retains its identity. This usually involves taking over significant assets, employees, or continuing the same or similar business activities. In the case you described, TUPE may apply if the new butcher taking over the premises can be considered a continuation of the same business, meaning they are not just taking over the premises but also carrying out similar operations. Important factors include: 1. **Similarity of Business**: The new business must be substantially the same as the old one in terms of the nature of its operations. 2. **Transfer of Assets**: A TUPE transfer is more likely if significant tangible (e.g., equipment) or intangible assets (e.g., goodwill) are transferred. 3. **Transfer of Employees**: If the new business employs the same or a significant portion of the old business's employees, this would support a TUPE situation. 4. **Premises and Clients**: Continuing to trade from the same premises and serving the same client base can also indicate a transfer of an economic entity. In the scenario you provided, if the new butcher shop is merely leasing the same premises but not continuing the same business operations in the sense described (especially without the transfer of employees and assets), TUPE might not apply. However, each situation is unique and involves detailed fact-specific assessment, so it might be useful to consult with a legal expert who specializes in employment law to get detailed guidance on your specific circumstances."	3.381889581680298	1		0		0	
Q12	Hi there, I wonder if anybody else has been through this and can shed some light on it, So we've been trying to save our business and we've come to terms to realise with world events we cannot continue the company is effectively dead as we sold a luxury not a need. However HSBC have been very supportive and we told them we cannot pay and they said they do a long term no affordability. Send a few letters tick a few boxes they have said in a nutshell. The bounce back loan at the moment is on a payment holiday. So costing us very little a month. I have to give credit to HSBC and their support and advice. But it's the question of how the company is closed. However when do we strike the company off normally my main question? We have no money to liquidate and it and HSBC said they wouldn't liquidate it either for a 12k bounce back loan. We had our total bounce back loan on designing a new product for our company and buying stock for it. Not ever used for personal consumption. Will the company be left in limbo and then companies house eventually strike off, we owe nobody else apart from bounce back loan and I've put my own money into company to try and save it but we have to come to the terms that the world events cost of living have killed our business. It's a real heart breaking situation having owned this company since 2012: but the world has changed. I feel allot of hurt personally. Thanks everybody. Has anybody else been through the process?	I'm really sorry to hear about the challenges you're facing with your company. The emotional and financial strain of closing a business can be overwhelming, especially when external circumstances play such a significant role. The process of closing a company in the UK, particularly with outstanding debts like a Bounce Back Loan, involves several considerations: 1. **Striking Off the Company**: If a company is insolvent, it usually cannot apply to be struck off the register using the Companies House voluntary strike off process. However, in your situation, since HSBC has indicated they wouldn't liquidate the company over a £12,000 Bounce Back Loan, you might wait for Companies House to initiate compulsory strike-off. Before this happens, confirm that you truly have no other liabilities and that all stakeholders, especially creditors like HSBC, are aware and in agreement with this approach. 2. **Communication with HSBC**: Continue to maintain open communication with HSBC about your plans and situation. It might be beneficial to obtain in writing that they won't initiate liquidation and that they understand your intentions regarding the company's closure. 3. **Dormant Status**: While you wait, you can ensure that the company remains inactive by ceasing all trading activities and ensuring all accounts are filed as required by law until a strike-off or other resolution occurs. 4. **Director’s Obligations**: As a director, you have a fiduciary duty towards the creditors when the company is insolvent. It's important to prioritize their interests and act reasonably to avoid any wrongful trading implications. Documenting all decisions and maintaining transparency with creditors will help protect against potential claims. 5. **Seeking Professional Advice**: If you haven't already, consider consulting an insolvency practitioner or legal advisor who can provide tailored guidance based on the specifics of your case. They can help ensure that you fulfill all legal obligations and explore any remaining options. 6. **Emotional Support**: It's perfectly normal to feel a sense of loss and personal hurt. Seeking support from industry peers, professional networks, or support groups can be helpful in processing these emotions. There are many entrepreneurs who have gone through similar experiences, particularly due to the unprecedented impacts of recent global events. Turning to communities or forums where business owners share their experiences might provide additional insights and support. Remember, you're not alone in facing these challenges, and reaching out for guidance is a strong step forward.	5.220105409622192	1	"[[""Does the lawyer identify the different forms of liquidation, and the circumstances in which a company can be liquidated? "", ""Does the lawyer refer to s. 122 IA 1986? "", ""Does the lawyer outline in which circumstances a company can be declared insolvent? "", ""Does the lawyer refer to the relevant statutes (ss. 123-124 IA 1986) to determine if a company is insolvent?"", ""Does the lawyer say to pay creditors in order according to the ranking in insolvency? "", ""Does the lawyer mention that directors owe fiduciary duties to the company (ss.171-177 CA 2006)? Does the lawyer outline the directors\u2019 duties when the company is insolvent?"", ""Does the lawyer outline the personal and professional consequences following a potential disqualification of the company director?"", ""Does the lawyer mention that formalities need to be fulfilled before the company can be struck off the Companies House registry?"", ""Does the lawyer refer to any relevant case law?"", ""Does the lawyer provide the correct advice?""], [3, 2, 3, 2, 3, 2, 2, 2, 3, 3]]"	7	[0, 0, 0, 0, 0, 2, 0, 2, 0, 3]	25	No|No|No|No|No|Yes|No|Yes|No|Yes|
Q13	Sorry, bit of an essay, I am looking for some advice on a partnership matter. I am in a general partnership with one other; running a small retail shop. I manage nearly all the admin, finances etc, we both work in the shop and have one employee. We have managed to pay ourselves monthly drawings from profits for our time since we opened a few years ago, with a small additional profit on top most years. Drawings are related to hours worked and I get extra for admin time, though this generally doesn't accout for all the time I spend. I recently completed our tax return and became suspicious of our bank balance - we had a healthy buffer following the covid grants but this has gradually been eroded, and I have expressed concern to them several times, assuming that we were struggling and suggesting we might not be able to pay ourselves at the usual rate. We have a system whereby both partners are responsible for banking cash - we record amounts taken and are meant to record when they are paid in. My partner is very slack with record keeping and rarely fills in the paying in records or passes on paying in slips, and often needs prompting to pay in cash at end of month. I finally managed to check back through records we have both filled in for cash taken and payments received to bank - I know I should have done it sooner - and there is almost a £3000 shortfall in what they have recorded as taken and what they have paid in over last two years. When challenged they sent a letter apologising profusely saying they had got behind with paying in and record keeping, needed to borrow some cash, lost track of how much and basically panicked and buried head in sand and always intended to pay it back, but the reality is the money has been steadily taken over a two year period - generally something is paid in but has been short of what was actually taken from the till. They said they always intended to pay it back, but could never work it out and just ignored it, in hope that at some point they would be able to deal with it, and could never find the right time to tell me. I feel I am being taken for a mug. Alongside this they have proved to be pretty erratic in general - poor communication, record keeping and making silly errors (though some now seen more suspicious) which have cost us money. I end up spending a lot of time trying to track down errors or clear up the mess their errors cause, which has been quite stressful. They have quite a turbulent personal life which exacerbates errors and often precludes discussions about finances and procedures. My discovery of the shortfall comes at a time of personal crisis for my business partner which I have every sympathy for, but I am hurt and angry that they basically took cash from the business and let me stress about our finances without telling me that they had “borrowed” the cash. I have decided I no longer trust them and no longer want to be in the partnership - but am getting severe emotional blackmail from them regarding their personal situation and their involvement in the business. My questions are really about the technicalities of how to end it - we have a fairly thorough partnership agreement of which several terms with regard to paying in, handling cash and record keeping have been broken, so it would seems I have grounds to expel them, but as a two partner partnership, presumably this would result in instant dissolution too? The partnership deeds also have clauses relating to setting up similar businesses and lack of entitlement to goodwill following expulsion. Ideally my intention is to continue the business alone, but I am just looking for advice on potential pitfalls in the process of expulsion and dissolution that might arise, or potential problems regarding me taking on the business alone. I am anticipting working out balances owed either way and potentially may even have to buy them out of the assets, but am unclear about how the “goodwill” side of things works and if they have any claim to the name/intellectual property etc. And also am looking for reassurance.	I'm sorry to hear about your situation; it sounds both challenging and emotionally draining. Navigating the dissolution of a partnership, especially under these circumstances, can be complex. Here are some key points and potential steps you might consider as you work through this process: 1. **Review the Partnership Agreement:** - Thoroughly understand all provisions regarding expulsion, dissolution, and obligations upon termination. Your partnership agreement is your primary guide for the technicalities involved in dissolving the partnership. - Look for clauses related to breach of contract and the specific grounds for expulsion. 2. **Legal Advice:** - Consult with an attorney who specializes in business partnerships. They can provide you with tailored advice based on your specific situation and help you navigate any legal complications. - An attorney can also guide you on handling any potential disputes over assets, goodwill, or intellectual property. 3. **Goodwill and Assets:** - Goodwill typically refers to the reputation and customer relationships the business has built up. If your agreement states that a partner is not entitled to goodwill upon expulsion, this might mean they cannot claim a share of the business’s value beyond tangible assets. - Make a list of the business's assets and evaluate these against any debts. You might already have a mechanism in your partnership agreement for appraising and dividing these. 4. **Handling Intellectual Property:** - Examine any clauses related to the ownership of the business name, trademarks, and other intellectual property. Consult your lawyer about ensuring these remain with you if you intend to continue the business. 5. **Financial Reconciliation:** - Hire an accountant if necessary to untangle the records and establish what is owed to or by each partner. This includes the shortfall in the banked cash and other financial obligations. 6. **Negotiation:** - You might prefer to negotiate an agreeable settlement (potential buyout) with your partner. A mediator or attorney can help facilitate this. - Be clear but empathetic during negotiations, considering your partner's personal difficulties while protecting your interests. 7. **Emotional and Professional Boundaries:** - Although it's understandable to have sympathy for your partner's personal situation, separating emotional concerns from business decisions is crucial. - Stick to facts and contract terms while maintaining professionalism in discussions. 8. **Reassurance and Support:** - Remember that it's perfectly acceptable to protect your interests and the business you've worked hard to build. - Seek support from friends, family, or professional networks to help cope with the emotional stress. 9. **Legal and Practical Steps After Dissolution:** - If dissolution is pursued, ensure all legal registrations and accounts are updated accordingly. - Form a new business entity if you plan to continue the business alone. Navigating the end of a partnership is rarely straightforward, but by taking structured, legal advice and focusing on clear facts and terms, you can make the process more manageable. Again, a legal expert can offer indispensable guidance tailored to your situation, helping ensure a fair and effective resolution.	7.374309778213501	1	"[[""Does the lawyer encourage the petitioner to look at the partnership agreement? "", ""Does the lawyer mention that directors owe fiduciary duties to the partnership (ss.171-177 CA 2006)? "", ""Does the lawyer outline the consequences for directors in case of misfeasance (s.212 IA 1986), fraudulent (s.213 IA 1986) and wrongful trading (s. 214 IA 1986)?"", ""Does the lawyer refer to the rules regulating transactions defrauding creditors (s.423 IA 1986)?"", ""Does the lawyer outline the personal and professional consequences following a potential disqualification of the director?"", ""Does the lawyer mention that formalities need to be fulfilled before the partnership can be struck off the Companies House registry?"", ""Does the lawyer refer to any relevant case law?"", ""Does the lawyer provide the correct advice?""], [3, 3, 3, 3, 2, 2, 3, 3]]"	6	[3, 0, 0, 0, 0, 0, 0, 3]	22	Yes|No|No|No|No|No|No|Yes|
Q14	I'm in the process of winding up my limited business (only me and wife are directors with no employees). For my customers I officially stopped on 24th December but moved out of my premises on 18th Jan. My landlord was OK about me not being able to pay the rent and we agreed I'd get out pretty quick. I have no debt (like official bank loans or BBL except directors loans - amounting to a couple of thousand) apart from my latest direct debits for energy, water and broadband. Energy is probably the biggest as I paid every quarter - that falls this month. I have £600 left in the business account - who do I prioritise and what will happen when they chase me for any remainder?	Given your situation, it's important to manage the winding-up process carefully to minimize any potential legal and financial issues. Here's a proposed order of priorities and steps you might consider: 1. **Outgoings Priorities:** - **Energy Bill:** Since energy bills often have higher priority due to the critical nature of service and potential legal follow-ups, it's usually a good idea to address this first. See if you can negotiate a payment plan if the bill exceeds what's left in your account. - **Broadband and Water Bills:** These are typically less urgent in a wind-up scenario than energy, but you should still address them to avoid any future complications. Again, discuss potential payment plans. - **Directors Loans:** As these loans are to yourself and your wife, they are the least pressing in terms of external liabilities. They can often be settled last or potentially even written off. 2. **Close All Business Accounts:** - Ensure you close your business bank account and cancel any unnecessary direct debits once you're ready. 3. **Communication with Creditors:** - Proactively contact your creditors (energy, water, broadband providers) to explain your situation. Many companies are willing to negotiate payment plans or offer grace periods when they understand the circumstances. 4. **Formal Winding-Up Steps:** - Business Rates: Ensure you've settled any outstanding rates with the local council up to your move-out date. - Cancel Your Business Insurance: If applicable, stop any ongoing policies. - Notify HMRC: Inform HM Revenue and Customs that you have ceased trading and make arrangements to pay any remaining taxes due. - Close Company with Companies House: File for voluntary dissolution using a DS01 form if you meet the criteria. 5. **Possible Outcomes if They Chase the Remainder:** - **Negotiation and Settlements:** Most companies prefer to settle matters amicably rather than through court if they can recover part of the debt. - **Debt Collection Agencies:** In some cases, companies may pass the debt to third-party agencies. Be prepared for this possibility and continue attempting negotiations if it occurs. - **Legal Action:** While possible, it's more of a last resort and is typically pursued only for larger debts. Throughout this process, maintain clear records of all communications and agreements, and seek professional advice if needed, particularly regarding tax obligations and the dissolution process, to ensure compliance and protect your interests.	5.428532838821411	1	"[[""Does the lawyer identify the different forms of liquidation, and the circumstances in which a company can be liquidated? "", ""Does the lawyer refer to s. 122 IA 1986? "", ""Does the lawyer identify the powers the courts have when hearing an insolvency petition? "", ""Does the lawyer refer to ss.125-128 IA 1986?"", ""Does the lawyer outline in which circumstances a company can be declared insolvent? "", ""Does the lawyer refer to the relevant statutes (ss. 123-124 IA 1986) to determine if a company is insolvent?"", ""Does the lawyer say to pay creditors in order according to the ranking in insolvency? "", ""Does the lawyer say to pay secured creditors before unsecured creditors?"", ""Does the lawyer refer to any relevant case law?"", ""Does the lawyer provide the correct advice?""], [3, 2, 3, 2, 3, 2, 3, 2, 3, 3]]"	3	[0, 0, 0, 0, 0, 0, 0, 0, 0, 3]	26	No|No|No|No|No|No|No|No|No|Yes|
TOTAL						71		298	
